,41.783083,-110.537888,2022-09-05T16:00,PM2.5,45,1
0,40.2943,-110.009,2022-09-05T16:00,PM2.5,40,1
1,40.464722,-109.56083,2022-09-05T16:00,PM2.5,30,1
2,41.592591,-109.220125,2022-09-05T16:00,PM2.5,48,1
3,40.086941,-108.761002,2022-09-05T16:00,PM2.5,55,2
4,39.063599,-108.561096,2022-09-05T16:00,PM2.5,19,1
5,37.10258,-107.870219,2022-09-05T16:00,PM2.5,34,1
6,37.13678,-107.62863,2022-09-05T16:00,PM2.5,25,1
7,39.192966,-106.823183,2022-09-05T16:00,PM2.5,22,1
8,35.0186,-106.651901,2022-09-05T16:00,PM2.5,33,1
9,35.1441,-106.6044,2022-09-05T16:00,PM2.5,24,1
10,35.187801,-106.603897,2022-09-05T16:00,PM2.5,29,1
11,35.1353,-106.584702,2022-09-05T16:00,PM2.5,36,1
12,35.185,-106.5077,2022-09-05T16:00,PM2.5,25,1
13,35.6198,-106.0797,2022-09-05T16:00,PM2.5,16,1
14,41.324166,-105.614888,2022-09-05T16:00,PM2.5,26,1
15,36.3833,-105.5833,2022-09-05T16:00,PM2.5,17,1
16,41.308825,-105.549137,2022-09-05T16:00,PM2.5,5,1
17,40.0128,-105.2667,2022-09-05T16:00,PM2.5,25,1
18,39.714424,-105.124023,2022-09-05T16:00,PM2.5,0,1
19,39.714321,-105.123978,2022-09-05T16:00,PM2.5,0,1
20,39.714352,-105.123886,2022-09-05T16:00,PM2.5,0,1
21,40.164585,-105.100861,2022-09-05T16:00,PM2.5,33,1
22,40.571259,-105.079765,2022-09-05T16:00,PM2.5,24,1
23,39.5339,-105.07,2022-09-05T16:00,PM2.5,31,1
24,39.732144,-105.015313,2022-09-05T16:00,PM2.5,20,1
25,39.7794,-105.00523,2022-09-05T16:00,PM2.5,35,1
26,39.785622,-104.988469,2022-09-05T16:00,PM2.5,27,1
27,39.751099,-104.987198,2022-09-05T16:00,PM2.5,27,1
28,39.7386,-104.9394,2022-09-05T16:00,PM2.5,32,1
29,39.8281,-104.93645,2022-09-05T16:00,PM2.5,23,1
30,38.848,-104.8286,2022-09-05T16:00,PM2.5,22,1
31,41.18222,-104.778336,2022-09-05T16:00,PM2.5,23,1
32,40.4147,-104.7061,2022-09-05T16:00,PM2.5,25,1
33,41.875556,-103.658056,2022-09-05T16:00,PM2.5,18,1
34,35.2006,-101.9083,2022-09-05T16:00,PM2.5,39,1
35,41.783083,-110.537888,2022-09-05T17:00,PM2.5,41,1
36,40.2943,-110.009,2022-09-05T17:00,PM2.5,39,1
37,40.464722,-109.56083,2022-09-05T17:00,PM2.5,28,1
38,41.592591,-109.220125,2022-09-05T17:00,PM2.5,46,1
39,40.086941,-108.761002,2022-09-05T17:00,PM2.5,56,2
40,39.063599,-108.561096,2022-09-05T17:00,PM2.5,18,1
41,37.10258,-107.870219,2022-09-05T17:00,PM2.5,30,1
42,37.13678,-107.62863,2022-09-05T17:00,PM2.5,25,1
43,39.192966,-106.823183,2022-09-05T17:00,PM2.5,19,1
44,35.0186,-106.651901,2022-09-05T17:00,PM2.5,32,1
45,35.1441,-106.6044,2022-09-05T17:00,PM2.5,25,1
46,35.187801,-106.603897,2022-09-05T17:00,PM2.5,29,1
47,35.1353,-106.584702,2022-09-05T17:00,PM2.5,38,1
48,35.185,-106.5077,2022-09-05T17:00,PM2.5,25,1
49,35.6198,-106.0797,2022-09-05T17:00,PM2.5,20,1
50,41.324166,-105.614888,2022-09-05T17:00,PM2.5,19,1
51,36.3833,-105.5833,2022-09-05T17:00,PM2.5,19,1
52,41.308825,-105.549137,2022-09-05T17:00,PM2.5,3,1
53,40.0128,-105.2667,2022-09-05T17:00,PM2.5,22,1
54,39.714424,-105.124023,2022-09-05T17:00,PM2.5,0,1
55,39.714321,-105.123978,2022-09-05T17:00,PM2.5,0,1
56,39.714352,-105.123886,2022-09-05T17:00,PM2.5,0,1
57,40.164585,-105.100861,2022-09-05T17:00,PM2.5,30,1
58,40.571259,-105.079765,2022-09-05T17:00,PM2.5,21,1
59,39.5339,-105.07,2022-09-05T17:00,PM2.5,31,1
60,39.732144,-105.015313,2022-09-05T17:00,PM2.5,18,1
61,39.7794,-105.00523,2022-09-05T17:00,PM2.5,33,1
62,39.785622,-104.988469,2022-09-05T17:00,PM2.5,25,1
63,39.751099,-104.987198,2022-09-05T17:00,PM2.5,25,1
64,39.7386,-104.9394,2022-09-05T17:00,PM2.5,31,1
65,39.8281,-104.93645,2022-09-05T17:00,PM2.5,20,1
66,38.848,-104.8286,2022-09-05T17:00,PM2.5,20,1
67,41.18222,-104.778336,2022-09-05T17:00,PM2.5,22,1
68,40.4147,-104.7061,2022-09-05T17:00,PM2.5,24,1
69,41.875556,-103.658056,2022-09-05T17:00,PM2.5,15,1
70,35.2006,-101.9083,2022-09-05T17:00,PM2.5,30,1
71,41.783083,-110.537888,2022-09-05T18:00,PM2.5,29,1
72,40.2943,-110.009,2022-09-05T18:00,PM2.5,38,1
73,40.464722,-109.56083,2022-09-05T18:00,PM2.5,26,1
74,41.592591,-109.220125,2022-09-05T18:00,PM2.5,49,1
75,40.086941,-108.761002,2022-09-05T18:00,PM2.5,52,2
76,39.063599,-108.561096,2022-09-05T18:00,PM2.5,18,1
77,37.10258,-107.870219,2022-09-05T18:00,PM2.5,28,1
78,37.13678,-107.62863,2022-09-05T18:00,PM2.5,25,1
79,39.192966,-106.823183,2022-09-05T18:00,PM2.5,18,1
80,35.0186,-106.651901,2022-09-05T18:00,PM2.5,32,1
81,35.1441,-106.6044,2022-09-05T18:00,PM2.5,27,1
82,35.187801,-106.603897,2022-09-05T18:00,PM2.5,30,1
83,35.1353,-106.584702,2022-09-05T18:00,PM2.5,40,1
84,35.185,-106.5077,2022-09-05T18:00,PM2.5,26,1
85,35.6198,-106.0797,2022-09-05T18:00,PM2.5,25,1
86,41.324166,-105.614888,2022-09-05T18:00,PM2.5,16,1
87,36.3833,-105.5833,2022-09-05T18:00,PM2.5,15,1
88,41.308825,-105.549137,2022-09-05T18:00,PM2.5,8,1
89,40.0128,-105.2667,2022-09-05T18:00,PM2.5,11,1
90,39.714424,-105.124023,2022-09-05T18:00,PM2.5,0,1
91,39.714321,-105.123978,2022-09-05T18:00,PM2.5,0,1
92,39.714352,-105.123886,2022-09-05T18:00,PM2.5,0,1
93,40.164585,-105.100861,2022-09-05T18:00,PM2.5,29,1
94,40.571259,-105.079765,2022-09-05T18:00,PM2.5,19,1
95,39.5339,-105.07,2022-09-05T18:00,PM2.5,31,1
96,39.732144,-105.015313,2022-09-05T18:00,PM2.5,16,1
97,39.7794,-105.00523,2022-09-05T18:00,PM2.5,33,1
98,39.785622,-104.988469,2022-09-05T18:00,PM2.5,21,1
99,39.751099,-104.987198,2022-09-05T18:00,PM2.5,23,1
100,39.7386,-104.9394,2022-09-05T18:00,PM2.5,32,1
101,39.8281,-104.93645,2022-09-05T18:00,PM2.5,19,1
102,38.848,-104.8286,2022-09-05T18:00,PM2.5,18,1
103,41.18222,-104.778336,2022-09-05T18:00,PM2.5,19,1
104,40.4147,-104.7061,2022-09-05T18:00,PM2.5,19,1
105,41.875556,-103.658056,2022-09-05T18:00,PM2.5,16,1
106,35.2006,-101.9083,2022-09-05T18:00,PM2.5,38,1
107,41.783083,-110.537888,2022-09-05T19:00,PM2.5,18,1
108,40.2943,-110.009,2022-09-05T19:00,PM2.5,35,1
109,40.464722,-109.56083,2022-09-05T19:00,PM2.5,24,1
110,41.592591,-109.220125,2022-09-05T19:00,PM2.5,42,1
111,40.086941,-108.761002,2022-09-05T19:00,PM2.5,50,1
112,39.063599,-108.561096,2022-09-05T19:00,PM2.5,20,1
113,37.10258,-107.870219,2022-09-05T19:00,PM2.5,25,1
114,37.13678,-107.62863,2022-09-05T19:00,PM2.5,24,1
115,39.192966,-106.823183,2022-09-05T19:00,PM2.5,17,1
116,35.0186,-106.651901,2022-09-05T19:00,PM2.5,30,1
117,35.1441,-106.6044,2022-09-05T19:00,PM2.5,27,1
118,35.187801,-106.603897,2022-09-05T19:00,PM2.5,30,1
119,35.1353,-106.584702,2022-09-05T19:00,PM2.5,41,1
120,35.185,-106.5077,2022-09-05T19:00,PM2.5,27,1
121,35.6198,-106.0797,2022-09-05T19:00,PM2.5,25,1
122,41.324166,-105.614888,2022-09-05T19:00,PM2.5,16,1
123,36.3833,-105.5833,2022-09-05T19:00,PM2.5,12,1
124,41.308825,-105.549137,2022-09-05T19:00,PM2.5,11,1
125,40.0128,-105.2667,2022-09-05T19:00,PM2.5,11,1
126,39.714424,-105.124023,2022-09-05T19:00,PM2.5,0,1
127,39.714321,-105.123978,2022-09-05T19:00,PM2.5,0,1
128,39.714352,-105.123886,2022-09-05T19:00,PM2.5,0,1
129,40.164585,-105.100861,2022-09-05T19:00,PM2.5,28,1
130,40.571259,-105.079765,2022-09-05T19:00,PM2.5,19,1
131,39.5339,-105.07,2022-09-05T19:00,PM2.5,32,1
132,39.732144,-105.015313,2022-09-05T19:00,PM2.5,15,1
133,39.7794,-105.00523,2022-09-05T19:00,PM2.5,33,1
134,39.785622,-104.988469,2022-09-05T19:00,PM2.5,21,1
135,39.751099,-104.987198,2022-09-05T19:00,PM2.5,20,1
136,39.7386,-104.9394,2022-09-05T19:00,PM2.5,32,1
137,39.8281,-104.93645,2022-09-05T19:00,PM2.5,17,1
138,38.848,-104.8286,2022-09-05T19:00,PM2.5,16,1
139,41.18222,-104.778336,2022-09-05T19:00,PM2.5,18,1
140,40.4147,-104.7061,2022-09-05T19:00,PM2.5,17,1
141,41.875556,-103.658056,2022-09-05T19:00,PM2.5,18,1
142,35.2006,-101.9083,2022-09-05T19:00,PM2.5,40,1
143,41.783083,-110.537888,2022-09-05T20:00,PM2.5,15,1
144,40.2943,-110.009,2022-09-05T20:00,PM2.5,31,1
145,40.464722,-109.56083,2022-09-05T20:00,PM2.5,23,1
146,41.592591,-109.220125,2022-09-05T20:00,PM2.5,44,1
147,40.086941,-108.761002,2022-09-05T20:00,PM2.5,45,1
148,39.063599,-108.561096,2022-09-05T20:00,PM2.5,20,1
149,37.10258,-107.870219,2022-09-05T20:00,PM2.5,23,1
150,37.13678,-107.62863,2022-09-05T20:00,PM2.5,23,1
151,39.192966,-106.823183,2022-09-05T20:00,PM2.5,17,1
152,35.0186,-106.651901,2022-09-05T20:00,PM2.5,30,1
153,35.1441,-106.6044,2022-09-05T20:00,PM2.5,27,1
154,35.187801,-106.603897,2022-09-05T20:00,PM2.5,29,1
155,35.1353,-106.584702,2022-09-05T20:00,PM2.5,40,1
156,35.185,-106.5077,2022-09-05T20:00,PM2.5,28,1
157,35.6198,-106.0797,2022-09-05T20:00,PM2.5,23,1
158,41.324166,-105.614888,2022-09-05T20:00,PM2.5,27,1
159,36.3833,-105.5833,2022-09-05T20:00,PM2.5,10,1
160,41.308825,-105.549137,2022-09-05T20:00,PM2.5,21,1
161,40.0128,-105.2667,2022-09-05T20:00,PM2.5,25,1
162,39.714424,-105.124023,2022-09-05T20:00,PM2.5,0,1
163,39.714321,-105.123978,2022-09-05T20:00,PM2.5,0,1
164,39.714352,-105.123886,2022-09-05T20:00,PM2.5,0,1
165,40.164585,-105.100861,2022-09-05T20:00,PM2.5,28,1
166,40.571259,-105.079765,2022-09-05T20:00,PM2.5,19,1
167,39.5339,-105.07,2022-09-05T20:00,PM2.5,32,1
168,39.732144,-105.015313,2022-09-05T20:00,PM2.5,14,1
169,39.7794,-105.00523,2022-09-05T20:00,PM2.5,32,1
170,39.785622,-104.988469,2022-09-05T20:00,PM2.5,20,1
171,39.751099,-104.987198,2022-09-05T20:00,PM2.5,19,1
172,39.7386,-104.9394,2022-09-05T20:00,PM2.5,32,1
173,39.8281,-104.93645,2022-09-05T20:00,PM2.5,16,1
174,38.848,-104.8286,2022-09-05T20:00,PM2.5,15,1
175,41.18222,-104.778336,2022-09-05T20:00,PM2.5,21,1
176,40.4147,-104.7061,2022-09-05T20:00,PM2.5,15,1
177,41.875556,-103.658056,2022-09-05T20:00,PM2.5,13,1
178,35.2006,-101.9083,2022-09-05T20:00,PM2.5,40,1
179,41.783083,-110.537888,2022-09-05T21:00,PM2.5,16,1
180,40.2943,-110.009,2022-09-05T21:00,PM2.5,28,1
181,40.464722,-109.56083,2022-09-05T21:00,PM2.5,21,1
182,41.592591,-109.220125,2022-09-05T21:00,PM2.5,39,1
183,40.086941,-108.761002,2022-09-05T21:00,PM2.5,37,1
184,39.063599,-108.561096,2022-09-05T21:00,PM2.5,20,1
185,37.10258,-107.870219,2022-09-05T21:00,PM2.5,23,1
186,37.13678,-107.62863,2022-09-05T21:00,PM2.5,23,1
187,39.192966,-106.823183,2022-09-05T21:00,PM2.5,17,1
188,35.0186,-106.651901,2022-09-05T21:00,PM2.5,29,1
189,35.1441,-106.6044,2022-09-05T21:00,PM2.5,27,1
190,35.187801,-106.603897,2022-09-05T21:00,PM2.5,30,1
191,35.1353,-106.584702,2022-09-05T21:00,PM2.5,41,1
192,35.185,-106.5077,2022-09-05T21:00,PM2.5,28,1
193,35.6198,-106.0797,2022-09-05T21:00,PM2.5,22,1
194,41.324166,-105.614888,2022-09-05T21:00,PM2.5,24,1
195,36.3833,-105.5833,2022-09-05T21:00,PM2.5,5,1
196,41.308825,-105.549137,2022-09-05T21:00,PM2.5,14,1
197,40.0128,-105.2667,2022-09-05T21:00,PM2.5,27,1
198,39.714424,-105.124023,2022-09-05T21:00,PM2.5,0,1
199,39.714321,-105.123978,2022-09-05T21:00,PM2.5,0,1
200,39.714352,-105.123886,2022-09-05T21:00,PM2.5,0,1
201,40.164585,-105.100861,2022-09-05T21:00,PM2.5,27,1
202,40.571259,-105.079765,2022-09-05T21:00,PM2.5,19,1
203,39.5339,-105.07,2022-09-05T21:00,PM2.5,32,1
204,39.732144,-105.015313,2022-09-05T21:00,PM2.5,13,1
205,39.7794,-105.00523,2022-09-05T21:00,PM2.5,31,1
206,39.785622,-104.988469,2022-09-05T21:00,PM2.5,18,1
207,39.751099,-104.987198,2022-09-05T21:00,PM2.5,19,1
208,39.7386,-104.9394,2022-09-05T21:00,PM2.5,32,1
209,39.8281,-104.93645,2022-09-05T21:00,PM2.5,15,1
210,38.848,-104.8286,2022-09-05T21:00,PM2.5,13,1
211,41.18222,-104.778336,2022-09-05T21:00,PM2.5,27,1
212,40.4147,-104.7061,2022-09-05T21:00,PM2.5,13,1
213,41.875556,-103.658056,2022-09-05T21:00,PM2.5,13,1
214,35.2006,-101.9083,2022-09-05T21:00,PM2.5,26,1
215,41.783083,-110.537888,2022-09-05T22:00,PM2.5,20,1
216,40.2943,-110.009,2022-09-05T22:00,PM2.5,25,1
217,40.464722,-109.56083,2022-09-05T22:00,PM2.5,20,1
218,41.592591,-109.220125,2022-09-05T22:00,PM2.5,40,1
219,40.086941,-108.761002,2022-09-05T22:00,PM2.5,31,1
220,39.063599,-108.561096,2022-09-05T22:00,PM2.5,19,1
221,37.10258,-107.870219,2022-09-05T22:00,PM2.5,23,1
222,37.13678,-107.62863,2022-09-05T22:00,PM2.5,23,1
223,39.192966,-106.823183,2022-09-05T22:00,PM2.5,17,1
224,35.0186,-106.651901,2022-09-05T22:00,PM2.5,28,1
225,35.1441,-106.6044,2022-09-05T22:00,PM2.5,28,1
226,35.187801,-106.603897,2022-09-05T22:00,PM2.5,30,1
227,35.1353,-106.584702,2022-09-05T22:00,PM2.5,42,1
228,35.185,-106.5077,2022-09-05T22:00,PM2.5,29,1
229,35.6198,-106.0797,2022-09-05T22:00,PM2.5,15,1
230,41.324166,-105.614888,2022-09-05T22:00,PM2.5,16,1
231,36.3833,-105.5833,2022-09-05T22:00,PM2.5,7,1
232,41.308825,-105.549137,2022-09-05T22:00,PM2.5,15,1
233,40.0128,-105.2667,2022-09-05T22:00,PM2.5,26,1
234,39.714424,-105.124023,2022-09-05T22:00,PM2.5,0,1
235,39.714321,-105.123978,2022-09-05T22:00,PM2.5,0,1
236,39.714352,-105.123886,2022-09-05T22:00,PM2.5,0,1
237,40.164585,-105.100861,2022-09-05T22:00,PM2.5,27,1
238,40.571259,-105.079765,2022-09-05T22:00,PM2.5,19,1
239,39.5339,-105.07,2022-09-05T22:00,PM2.5,33,1
240,39.732144,-105.015313,2022-09-05T22:00,PM2.5,12,1
241,39.7794,-105.00523,2022-09-05T22:00,PM2.5,29,1
242,39.785622,-104.988469,2022-09-05T22:00,PM2.5,18,1
243,39.751099,-104.987198,2022-09-05T22:00,PM2.5,18,1
244,39.7386,-104.9394,2022-09-05T22:00,PM2.5,31,1
245,39.8281,-104.93645,2022-09-05T22:00,PM2.5,14,1
246,38.848,-104.8286,2022-09-05T22:00,PM2.5,13,1
247,41.18222,-104.778336,2022-09-05T22:00,PM2.5,28,1
248,40.4147,-104.7061,2022-09-05T22:00,PM2.5,12,1
249,41.875556,-103.658056,2022-09-05T22:00,PM2.5,17,1
250,35.2006,-101.9083,2022-09-05T22:00,PM2.5,30,1
251,41.783083,-110.537888,2022-09-05T23:00,PM2.5,23,1
252,40.2943,-110.009,2022-09-05T23:00,PM2.5,24,1
253,40.464722,-109.56083,2022-09-05T23:00,PM2.5,20,1
254,41.592591,-109.220125,2022-09-05T23:00,PM2.5,37,1
255,40.086941,-108.761002,2022-09-05T23:00,PM2.5,30,1
256,39.063599,-108.561096,2022-09-05T23:00,PM2.5,18,1
257,37.10258,-107.870219,2022-09-05T23:00,PM2.5,23,1
258,37.13678,-107.62863,2022-09-05T23:00,PM2.5,22,1
259,39.192966,-106.823183,2022-09-05T23:00,PM2.5,18,1
260,35.0186,-106.651901,2022-09-05T23:00,PM2.5,28,1
261,35.1441,-106.6044,2022-09-05T23:00,PM2.5,28,1
262,35.187801,-106.603897,2022-09-05T23:00,PM2.5,30,1
263,35.1353,-106.584702,2022-09-05T23:00,PM2.5,42,1
264,35.185,-106.5077,2022-09-05T23:00,PM2.5,30,1
265,35.6198,-106.0797,2022-09-05T23:00,PM2.5,14,1
266,41.324166,-105.614888,2022-09-05T23:00,PM2.5,10,1
267,36.3833,-105.5833,2022-09-05T23:00,PM2.5,10,1
268,41.308825,-105.549137,2022-09-05T23:00,PM2.5,16,1
269,40.0128,-105.2667,2022-09-05T23:00,PM2.5,40,1
270,39.714424,-105.124023,2022-09-05T23:00,PM2.5,0,1
271,39.714321,-105.123978,2022-09-05T23:00,PM2.5,2,1
272,39.714352,-105.123886,2022-09-05T23:00,PM2.5,2,1
273,40.164585,-105.100861,2022-09-05T23:00,PM2.5,27,1
274,40.571259,-105.079765,2022-09-05T23:00,PM2.5,19,1
275,39.5339,-105.07,2022-09-05T23:00,PM2.5,33,1
276,39.732144,-105.015313,2022-09-05T23:00,PM2.5,10,1
277,39.7794,-105.00523,2022-09-05T23:00,PM2.5,28,1
278,39.785622,-104.988469,2022-09-05T23:00,PM2.5,17,1
279,39.751099,-104.987198,2022-09-05T23:00,PM2.5,17,1
280,39.7386,-104.9394,2022-09-05T23:00,PM2.5,31,1
281,39.8281,-104.93645,2022-09-05T23:00,PM2.5,13,1
282,38.848,-104.8286,2022-09-05T23:00,PM2.5,13,1
283,41.18222,-104.778336,2022-09-05T23:00,PM2.5,22,1
284,40.4147,-104.7061,2022-09-05T23:00,PM2.5,13,1
285,41.875556,-103.658056,2022-09-05T23:00,PM2.5,19,1
286,35.2006,-101.9083,2022-09-05T23:00,PM2.5,25,1
287,41.783083,-110.537888,2022-09-06T00:00,PM2.5,20,1
288,40.2943,-110.009,2022-09-06T00:00,PM2.5,24,1
289,40.464722,-109.56083,2022-09-06T00:00,PM2.5,21,1
290,41.592591,-109.220125,2022-09-06T00:00,PM2.5,35,1
291,40.086941,-108.761002,2022-09-06T00:00,PM2.5,32,1
292,39.063599,-108.561096,2022-09-06T00:00,PM2.5,18,1
293,37.10258,-107.870219,2022-09-06T00:00,PM2.5,23,1
294,37.13678,-107.62863,2022-09-06T00:00,PM2.5,20,1
295,39.192966,-106.823183,2022-09-06T00:00,PM2.5,20,1
296,35.0186,-106.651901,2022-09-06T00:00,PM2.5,28,1
297,35.1441,-106.6044,2022-09-06T00:00,PM2.5,28,1
298,35.187801,-106.603897,2022-09-06T00:00,PM2.5,30,1
299,35.1353,-106.584702,2022-09-06T00:00,PM2.5,43,1
300,35.185,-106.5077,2022-09-06T00:00,PM2.5,30,1
301,35.6198,-106.0797,2022-09-06T00:00,PM2.5,23,1
302,41.324166,-105.614888,2022-09-06T00:00,PM2.5,0,1
303,36.3833,-105.5833,2022-09-06T00:00,PM2.5,11,1
304,41.308825,-105.549137,2022-09-06T00:00,PM2.5,17,1
305,40.0128,-105.2667,2022-09-06T00:00,PM2.5,55,2
306,39.714424,-105.124023,2022-09-06T00:00,PM2.5,0,1
307,39.714321,-105.123978,2022-09-06T00:00,PM2.5,3,1
308,39.714352,-105.123886,2022-09-06T00:00,PM2.5,3,1
309,40.164585,-105.100861,2022-09-06T00:00,PM2.5,28,1
310,40.571259,-105.079765,2022-09-06T00:00,PM2.5,20,1
311,39.5339,-105.07,2022-09-06T00:00,PM2.5,32,1
312,39.732144,-105.015313,2022-09-06T00:00,PM2.5,10,1
313,39.7794,-105.00523,2022-09-06T00:00,PM2.5,27,1
314,39.785622,-104.988469,2022-09-06T00:00,PM2.5,16,1
315,39.751099,-104.987198,2022-09-06T00:00,PM2.5,18,1
316,39.7386,-104.9394,2022-09-06T00:00,PM2.5,31,1
317,39.8281,-104.93645,2022-09-06T00:00,PM2.5,13,1
318,38.848,-104.8286,2022-09-06T00:00,PM2.5,13,1
319,41.18222,-104.778336,2022-09-06T00:00,PM2.5,19,1
320,40.4147,-104.7061,2022-09-06T00:00,PM2.5,13,1
321,41.875556,-103.658056,2022-09-06T00:00,PM2.5,20,1
322,35.2006,-101.9083,2022-09-06T00:00,PM2.5,21,1
323,41.783083,-110.537888,2022-09-06T01:00,PM2.5,10,1
324,40.2943,-110.009,2022-09-06T01:00,PM2.5,24,1
325,40.464722,-109.56083,2022-09-06T01:00,PM2.5,24,1
326,41.592591,-109.220125,2022-09-06T01:00,PM2.5,29,1
327,40.086941,-108.761002,2022-09-06T01:00,PM2.5,28,1
328,39.063599,-108.561096,2022-09-06T01:00,PM2.5,18,1
329,37.10258,-107.870219,2022-09-06T01:00,PM2.5,22,1
330,37.13678,-107.62863,2022-09-06T01:00,PM2.5,17,1
331,39.192966,-106.823183,2022-09-06T01:00,PM2.5,30,1
332,35.0186,-106.651901,2022-09-06T01:00,PM2.5,30,1
333,35.1441,-106.6044,2022-09-06T01:00,PM2.5,28,1
334,35.187801,-106.603897,2022-09-06T01:00,PM2.5,30,1
335,35.1353,-106.584702,2022-09-06T01:00,PM2.5,43,1
336,35.185,-106.5077,2022-09-06T01:00,PM2.5,31,1
337,35.6198,-106.0797,2022-09-06T01:00,PM2.5,20,1
338,41.324166,-105.614888,2022-09-06T01:00,PM2.5,0,1
339,36.3833,-105.5833,2022-09-06T01:00,PM2.5,10,1
340,41.308825,-105.549137,2022-09-06T01:00,PM2.5,39,1
341,40.0128,-105.2667,2022-09-06T01:00,PM2.5,56,2
342,39.714424,-105.124023,2022-09-06T01:00,PM2.5,0,1
343,39.714321,-105.123978,2022-09-06T01:00,PM2.5,3,1
344,39.714352,-105.123886,2022-09-06T01:00,PM2.5,3,1
345,40.164585,-105.100861,2022-09-06T01:00,PM2.5,34,1
346,40.571259,-105.079765,2022-09-06T01:00,PM2.5,23,1
347,39.5339,-105.07,2022-09-06T01:00,PM2.5,32,1
348,39.732144,-105.015313,2022-09-06T01:00,PM2.5,13,1
349,39.7794,-105.00523,2022-09-06T01:00,PM2.5,34,1
350,39.785622,-104.988469,2022-09-06T01:00,PM2.5,22,1
351,39.751099,-104.987198,2022-09-06T01:00,PM2.5,19,1
352,39.7386,-104.9394,2022-09-06T01:00,PM2.5,32,1
353,39.8281,-104.93645,2022-09-06T01:00,PM2.5,15,1
354,38.848,-104.8286,2022-09-06T01:00,PM2.5,16,1
355,41.18222,-104.778336,2022-09-06T01:00,PM2.5,26,1
356,40.4147,-104.7061,2022-09-06T01:00,PM2.5,17,1
357,41.875556,-103.658056,2022-09-06T01:00,PM2.5,60,2
358,35.2006,-101.9083,2022-09-06T01:00,PM2.5,15,1
359,41.783083,-110.537888,2022-09-06T02:00,PM2.5,7,1
360,40.2943,-110.009,2022-09-06T02:00,PM2.5,27,1
361,40.464722,-109.56083,2022-09-06T02:00,PM2.5,25,1
362,41.592591,-109.220125,2022-09-06T02:00,PM2.5,26,1
363,40.086941,-108.761002,2022-09-06T02:00,PM2.5,25,1
364,39.063599,-108.561096,2022-09-06T02:00,PM2.5,19,1
365,37.10258,-107.870219,2022-09-06T02:00,PM2.5,19,1
366,37.13678,-107.62863,2022-09-06T02:00,PM2.5,16,1
367,39.192966,-106.823183,2022-09-06T02:00,PM2.5,42,1
368,35.0186,-106.651901,2022-09-06T02:00,PM2.5,32,1
369,35.1441,-106.6044,2022-09-06T02:00,PM2.5,29,1
370,35.187801,-106.603897,2022-09-06T02:00,PM2.5,33,1
371,35.1353,-106.584702,2022-09-06T02:00,PM2.5,43,1
372,35.185,-106.5077,2022-09-06T02:00,PM2.5,31,1
373,35.6198,-106.0797,2022-09-06T02:00,PM2.5,20,1
374,41.324166,-105.614888,2022-09-06T02:00,PM2.5,2,1
375,36.3833,-105.5833,2022-09-06T02:00,PM2.5,7,1
376,41.308825,-105.549137,2022-09-06T02:00,PM2.5,40,1
377,40.0128,-105.2667,2022-09-06T02:00,PM2.5,44,1
378,39.714424,-105.124023,2022-09-06T02:00,PM2.5,0,1
379,39.714321,-105.123978,2022-09-06T02:00,PM2.5,2,1
380,39.714352,-105.123886,2022-09-06T02:00,PM2.5,2,1
381,40.164585,-105.100861,2022-09-06T02:00,PM2.5,38,1
382,40.571259,-105.079765,2022-09-06T02:00,PM2.5,51,2
383,39.5339,-105.07,2022-09-06T02:00,PM2.5,32,1
384,39.732144,-105.015313,2022-09-06T02:00,PM2.5,15,1
385,39.7794,-105.00523,2022-09-06T02:00,PM2.5,36,1
386,39.785622,-104.988469,2022-09-06T02:00,PM2.5,23,1
387,39.751099,-104.987198,2022-09-06T02:00,PM2.5,20,1
388,39.7386,-104.9394,2022-09-06T02:00,PM2.5,31,1
389,39.8281,-104.93645,2022-09-06T02:00,PM2.5,17,1
390,38.848,-104.8286,2022-09-06T02:00,PM2.5,19,1
391,41.18222,-104.778336,2022-09-06T02:00,PM2.5,40,1
392,40.4147,-104.7061,2022-09-06T02:00,PM2.5,18,1
393,41.875556,-103.658056,2022-09-06T02:00,PM2.5,69,2
394,35.2006,-101.9083,2022-09-06T02:00,PM2.5,18,1
395,41.783083,-110.537888,2022-09-06T03:00,PM2.5,10,1
396,40.2943,-110.009,2022-09-06T03:00,PM2.5,26,1
397,40.464722,-109.56083,2022-09-06T03:00,PM2.5,23,1
398,41.592591,-109.220125,2022-09-06T03:00,PM2.5,21,1
399,40.086941,-108.761002,2022-09-06T03:00,PM2.5,27,1
400,39.063599,-108.561096,2022-09-06T03:00,PM2.5,26,1
401,37.10258,-107.870219,2022-09-06T03:00,PM2.5,20,1
402,37.13678,-107.62863,2022-09-06T03:00,PM2.5,16,1
403,39.192966,-106.823183,2022-09-06T03:00,PM2.5,51,2
404,35.0186,-106.651901,2022-09-06T03:00,PM2.5,32,1
405,35.1441,-106.6044,2022-09-06T03:00,PM2.5,30,1
406,35.187801,-106.603897,2022-09-06T03:00,PM2.5,32,1
407,35.1353,-106.584702,2022-09-06T03:00,PM2.5,43,1
408,35.185,-106.5077,2022-09-06T03:00,PM2.5,30,1
409,35.6198,-106.0797,2022-09-06T03:00,PM2.5,20,1
410,41.324166,-105.614888,2022-09-06T03:00,PM2.5,28,1
411,36.3833,-105.5833,2022-09-06T03:00,PM2.5,5,1
412,41.308825,-105.549137,2022-09-06T03:00,PM2.5,30,1
413,40.0128,-105.2667,2022-09-06T03:00,PM2.5,40,1
414,39.714424,-105.124023,2022-09-06T03:00,PM2.5,0,1
415,39.714321,-105.123978,2022-09-06T03:00,PM2.5,1,1
416,39.714352,-105.123886,2022-09-06T03:00,PM2.5,1,1
417,40.164585,-105.100861,2022-09-06T03:00,PM2.5,39,1
418,40.571259,-105.079765,2022-09-06T03:00,PM2.5,50,1
419,39.5339,-105.07,2022-09-06T03:00,PM2.5,31,1
420,39.732144,-105.015313,2022-09-06T03:00,PM2.5,16,1
421,39.7794,-105.00523,2022-09-06T03:00,PM2.5,34,1
422,39.785622,-104.988469,2022-09-06T03:00,PM2.5,22,1
423,39.751099,-104.987198,2022-09-06T03:00,PM2.5,23,1
424,39.7386,-104.9394,2022-09-06T03:00,PM2.5,31,1
425,39.8281,-104.93645,2022-09-06T03:00,PM2.5,17,1
426,38.848,-104.8286,2022-09-06T03:00,PM2.5,30,1
427,41.18222,-104.778336,2022-09-06T03:00,PM2.5,39,1
428,40.4147,-104.7061,2022-09-06T03:00,PM2.5,16,1
429,41.875556,-103.658056,2022-09-06T03:00,PM2.5,60,2
430,35.2006,-101.9083,2022-09-06T03:00,PM2.5,15,1
431,41.783083,-110.537888,2022-09-06T04:00,PM2.5,19,1
432,40.2943,-110.009,2022-09-06T04:00,PM2.5,27,1
433,40.464722,-109.56083,2022-09-06T04:00,PM2.5,23,1
434,41.592591,-109.220125,2022-09-06T04:00,PM2.5,21,1
435,40.086941,-108.761002,2022-09-06T04:00,PM2.5,36,1
436,39.063599,-108.561096,2022-09-06T04:00,PM2.5,30,1
437,37.10258,-107.870219,2022-09-06T04:00,PM2.5,20,1
438,37.13678,-107.62863,2022-09-06T04:00,PM2.5,17,1
439,39.192966,-106.823183,2022-09-06T04:00,PM2.5,51,2
440,35.0186,-106.651901,2022-09-06T04:00,PM2.5,32,1
441,35.1441,-106.6044,2022-09-06T04:00,PM2.5,29,1
442,35.187801,-106.603897,2022-09-06T04:00,PM2.5,33,1
443,35.1353,-106.584702,2022-09-06T04:00,PM2.5,43,1
444,35.185,-106.5077,2022-09-06T04:00,PM2.5,30,1
445,35.6198,-106.0797,2022-09-06T04:00,PM2.5,10,1
446,41.324166,-105.614888,2022-09-06T04:00,PM2.5,37,1
447,36.3833,-105.5833,2022-09-06T04:00,PM2.5,9,1
448,41.308825,-105.549137,2022-09-06T04:00,PM2.5,42,1
449,40.0128,-105.2667,2022-09-06T04:00,PM2.5,33,1
450,39.714424,-105.124023,2022-09-06T04:00,PM2.5,0,1
451,39.714321,-105.123978,2022-09-06T04:00,PM2.5,0,1
452,39.714352,-105.123886,2022-09-06T04:00,PM2.5,0,1
453,40.164585,-105.100861,2022-09-06T04:00,PM2.5,37,1
454,40.571259,-105.079765,2022-09-06T04:00,PM2.5,45,1
455,39.5339,-105.07,2022-09-06T04:00,PM2.5,31,1
456,39.732144,-105.015313,2022-09-06T04:00,PM2.5,17,1
457,39.7794,-105.00523,2022-09-06T04:00,PM2.5,33,1
458,39.785622,-104.988469,2022-09-06T04:00,PM2.5,23,1
459,39.751099,-104.987198,2022-09-06T04:00,PM2.5,24,1
460,39.7386,-104.9394,2022-09-06T04:00,PM2.5,30,1
461,39.8281,-104.93645,2022-09-06T04:00,PM2.5,18,1
462,38.848,-104.8286,2022-09-06T04:00,PM2.5,32,1
463,41.18222,-104.778336,2022-09-06T04:00,PM2.5,36,1
464,40.4147,-104.7061,2022-09-06T04:00,PM2.5,15,1
465,41.875556,-103.658056,2022-09-06T04:00,PM2.5,53,2
466,35.2006,-101.9083,2022-09-06T04:00,PM2.5,20,1
467,41.783083,-110.537888,2022-09-06T05:00,PM2.5,24,1
468,40.2943,-110.009,2022-09-06T05:00,PM2.5,28,1
469,40.464722,-109.56083,2022-09-06T05:00,PM2.5,24,1
470,41.592591,-109.220125,2022-09-06T05:00,PM2.5,20,1
471,40.086941,-108.761002,2022-09-06T05:00,PM2.5,37,1
472,39.063599,-108.561096,2022-09-06T05:00,PM2.5,35,1
473,37.10258,-107.870219,2022-09-06T05:00,PM2.5,20,1
474,37.13678,-107.62863,2022-09-06T05:00,PM2.5,17,1
475,39.192966,-106.823183,2022-09-06T05:00,PM2.5,49,1
476,35.0186,-106.651901,2022-09-06T05:00,PM2.5,40,1
477,35.1441,-106.6044,2022-09-06T05:00,PM2.5,28,1
478,35.187801,-106.603897,2022-09-06T05:00,PM2.5,33,1
479,35.1353,-106.584702,2022-09-06T05:00,PM2.5,43,1
480,35.185,-106.5077,2022-09-06T05:00,PM2.5,28,1
481,35.6198,-106.0797,2022-09-06T05:00,PM2.5,1,1
482,41.324166,-105.614888,2022-09-06T05:00,PM2.5,35,1
483,36.3833,-105.5833,2022-09-06T05:00,PM2.5,13,1
484,41.308825,-105.549137,2022-09-06T05:00,PM2.5,30,1
485,40.0128,-105.2667,2022-09-06T05:00,PM2.5,28,1
486,39.714424,-105.124023,2022-09-06T05:00,PM2.5,0,1
487,39.714321,-105.123978,2022-09-06T05:00,PM2.5,0,1
488,39.714352,-105.123886,2022-09-06T05:00,PM2.5,0,1
489,40.164585,-105.100861,2022-09-06T05:00,PM2.5,35,1
490,40.571259,-105.079765,2022-09-06T05:00,PM2.5,40,1
491,39.5339,-105.07,2022-09-06T05:00,PM2.5,30,1
492,39.732144,-105.015313,2022-09-06T05:00,PM2.5,18,1
493,39.7794,-105.00523,2022-09-06T05:00,PM2.5,33,1
494,39.785622,-104.988469,2022-09-06T05:00,PM2.5,23,1
495,39.751099,-104.987198,2022-09-06T05:00,PM2.5,25,1
496,39.7386,-104.9394,2022-09-06T05:00,PM2.5,30,1
497,39.8281,-104.93645,2022-09-06T05:00,PM2.5,18,1
498,38.848,-104.8286,2022-09-06T05:00,PM2.5,31,1
499,41.18222,-104.778336,2022-09-06T05:00,PM2.5,37,1
500,40.4147,-104.7061,2022-09-06T05:00,PM2.5,16,1
501,41.875556,-103.658056,2022-09-06T05:00,PM2.5,42,1
502,35.2006,-101.9083,2022-09-06T05:00,PM2.5,29,1
503,41.783083,-110.537888,2022-09-06T06:00,PM2.5,20,1
504,40.2943,-110.009,2022-09-06T06:00,PM2.5,28,1
505,40.464722,-109.56083,2022-09-06T06:00,PM2.5,24,1
506,41.592591,-109.220125,2022-09-06T06:00,PM2.5,18,1
507,40.086941,-108.761002,2022-09-06T06:00,PM2.5,35,1
508,39.063599,-108.561096,2022-09-06T06:00,PM2.5,36,1
509,37.10258,-107.870219,2022-09-06T06:00,PM2.5,20,1
510,37.13678,-107.62863,2022-09-06T06:00,PM2.5,17,1
511,39.192966,-106.823183,2022-09-06T06:00,PM2.5,45,1
512,35.0186,-106.651901,2022-09-06T06:00,PM2.5,40,1
513,35.1441,-106.6044,2022-09-06T06:00,PM2.5,27,1
514,35.187801,-106.603897,2022-09-06T06:00,PM2.5,34,1
515,35.1353,-106.584702,2022-09-06T06:00,PM2.5,42,1
516,35.185,-106.5077,2022-09-06T06:00,PM2.5,27,1
517,35.6198,-106.0797,2022-09-06T06:00,PM2.5,5,1
518,41.324166,-105.614888,2022-09-06T06:00,PM2.5,30,1
519,36.3833,-105.5833,2022-09-06T06:00,PM2.5,10,1
520,41.308825,-105.549137,2022-09-06T06:00,PM2.5,28,1
521,40.0128,-105.2667,2022-09-06T06:00,PM2.5,27,1
522,39.714424,-105.124023,2022-09-06T06:00,PM2.5,0,1
523,39.714321,-105.123978,2022-09-06T06:00,PM2.5,0,1
524,39.714352,-105.123886,2022-09-06T06:00,PM2.5,0,1
525,40.164585,-105.100861,2022-09-06T06:00,PM2.5,35,1
526,40.571259,-105.079765,2022-09-06T06:00,PM2.5,38,1
527,39.5339,-105.07,2022-09-06T06:00,PM2.5,30,1
528,39.732144,-105.015313,2022-09-06T06:00,PM2.5,19,1
529,39.7794,-105.00523,2022-09-06T06:00,PM2.5,32,1
530,39.785622,-104.988469,2022-09-06T06:00,PM2.5,23,1
531,39.751099,-104.987198,2022-09-06T06:00,PM2.5,25,1
532,39.7386,-104.9394,2022-09-06T06:00,PM2.5,29,1
533,39.8281,-104.93645,2022-09-06T06:00,PM2.5,17,1
534,38.848,-104.8286,2022-09-06T06:00,PM2.5,28,1
535,41.18222,-104.778336,2022-09-06T06:00,PM2.5,39,1
536,40.4147,-104.7061,2022-09-06T06:00,PM2.5,18,1
537,41.875556,-103.658056,2022-09-06T06:00,PM2.5,33,1
538,35.2006,-101.9083,2022-09-06T06:00,PM2.5,27,1
539,41.783083,-110.537888,2022-09-06T07:00,PM2.5,16,1
540,40.2943,-110.009,2022-09-06T07:00,PM2.5,29,1
541,40.464722,-109.56083,2022-09-06T07:00,PM2.5,23,1
542,41.592591,-109.220125,2022-09-06T07:00,PM2.5,11,1
543,40.086941,-108.761002,2022-09-06T07:00,PM2.5,38,1
544,39.063599,-108.561096,2022-09-06T07:00,PM2.5,35,1
545,37.10258,-107.870219,2022-09-06T07:00,PM2.5,20,1
546,37.13678,-107.62863,2022-09-06T07:00,PM2.5,16,1
547,39.192966,-106.823183,2022-09-06T07:00,PM2.5,43,1
548,35.0186,-106.651901,2022-09-06T07:00,PM2.5,37,1
549,35.1441,-106.6044,2022-09-06T07:00,PM2.5,27,1
550,35.187801,-106.603897,2022-09-06T07:00,PM2.5,34,1
551,35.1353,-106.584702,2022-09-06T07:00,PM2.5,41,1
552,35.185,-106.5077,2022-09-06T07:00,PM2.5,26,1
553,35.6198,-106.0797,2022-09-06T07:00,PM2.5,8,1
554,41.324166,-105.614888,2022-09-06T07:00,PM2.5,40,1
555,36.3833,-105.5833,2022-09-06T07:00,PM2.5,7,1
556,41.308825,-105.549137,2022-09-06T07:00,PM2.5,38,1
557,40.0128,-105.2667,2022-09-06T07:00,PM2.5,28,1
558,39.714424,-105.124023,2022-09-06T07:00,PM2.5,0,1
559,39.714321,-105.123978,2022-09-06T07:00,PM2.5,0,1
560,39.714352,-105.123886,2022-09-06T07:00,PM2.5,0,1
561,40.164585,-105.100861,2022-09-06T07:00,PM2.5,35,1
562,40.571259,-105.079765,2022-09-06T07:00,PM2.5,39,1
563,39.5339,-105.07,2022-09-06T07:00,PM2.5,30,1
564,39.732144,-105.015313,2022-09-06T07:00,PM2.5,19,1
565,39.7794,-105.00523,2022-09-06T07:00,PM2.5,30,1
566,39.785622,-104.988469,2022-09-06T07:00,PM2.5,23,1
567,39.751099,-104.987198,2022-09-06T07:00,PM2.5,24,1
568,39.7386,-104.9394,2022-09-06T07:00,PM2.5,28,1
569,39.8281,-104.93645,2022-09-06T07:00,PM2.5,19,1
570,38.848,-104.8286,2022-09-06T07:00,PM2.5,27,1
571,41.18222,-104.778336,2022-09-06T07:00,PM2.5,43,1
572,40.4147,-104.7061,2022-09-06T07:00,PM2.5,22,1
573,41.875556,-103.658056,2022-09-06T07:00,PM2.5,27,1
574,35.2006,-101.9083,2022-09-06T07:00,PM2.5,26,1
575,41.783083,-110.537888,2022-09-06T08:00,PM2.5,14,1
576,40.2943,-110.009,2022-09-06T08:00,PM2.5,29,1
577,40.464722,-109.56083,2022-09-06T08:00,PM2.5,23,1
578,41.592591,-109.220125,2022-09-06T08:00,PM2.5,3,1
579,40.086941,-108.761002,2022-09-06T08:00,PM2.5,44,1
580,39.063599,-108.561096,2022-09-06T08:00,PM2.5,33,1
581,37.10258,-107.870219,2022-09-06T08:00,PM2.5,20,1
582,37.13678,-107.62863,2022-09-06T08:00,PM2.5,16,1
583,39.192966,-106.823183,2022-09-06T08:00,PM2.5,41,1
584,35.0186,-106.651901,2022-09-06T08:00,PM2.5,36,1
585,35.1441,-106.6044,2022-09-06T08:00,PM2.5,27,1
586,35.187801,-106.603897,2022-09-06T08:00,PM2.5,33,1
587,35.1353,-106.584702,2022-09-06T08:00,PM2.5,40,1
588,35.185,-106.5077,2022-09-06T08:00,PM2.5,25,1
589,35.6198,-106.0797,2022-09-06T08:00,PM2.5,10,1
590,41.324166,-105.614888,2022-09-06T08:00,PM2.5,35,1
591,36.3833,-105.5833,2022-09-06T08:00,PM2.5,5,1
592,41.308825,-105.549137,2022-09-06T08:00,PM2.5,36,1
593,40.0128,-105.2667,2022-09-06T08:00,PM2.5,28,1
594,39.714424,-105.124023,2022-09-06T08:00,PM2.5,0,1
595,39.714321,-105.123978,2022-09-06T08:00,PM2.5,0,1
596,39.714352,-105.123886,2022-09-06T08:00,PM2.5,0,1
597,40.164585,-105.100861,2022-09-06T08:00,PM2.5,36,1
598,40.571259,-105.079765,2022-09-06T08:00,PM2.5,42,1
599,39.5339,-105.07,2022-09-06T08:00,PM2.5,29,1
600,39.732144,-105.015313,2022-09-06T08:00,PM2.5,23,1
601,39.7794,-105.00523,2022-09-06T08:00,PM2.5,30,1
602,39.785622,-104.988469,2022-09-06T08:00,PM2.5,23,1
603,39.751099,-104.987198,2022-09-06T08:00,PM2.5,25,1
604,39.7386,-104.9394,2022-09-06T08:00,PM2.5,28,1
605,39.8281,-104.93645,2022-09-06T08:00,PM2.5,22,1
606,38.848,-104.8286,2022-09-06T08:00,PM2.5,24,1
607,41.18222,-104.778336,2022-09-06T08:00,PM2.5,36,1
608,40.4147,-104.7061,2022-09-06T08:00,PM2.5,27,1
609,41.875556,-103.658056,2022-09-06T08:00,PM2.5,26,1
610,35.2006,-101.9083,2022-09-06T08:00,PM2.5,19,1
611,41.783083,-110.537888,2022-09-06T09:00,PM2.5,15,1
612,40.2943,-110.009,2022-09-06T09:00,PM2.5,28,1
613,40.464722,-109.56083,2022-09-06T09:00,PM2.5,24,1
614,41.592591,-109.220125,2022-09-06T09:00,PM2.5,15,1
615,40.086941,-108.761002,2022-09-06T09:00,PM2.5,41,1
616,39.063599,-108.561096,2022-09-06T09:00,PM2.5,30,1
617,37.10258,-107.870219,2022-09-06T09:00,PM2.5,20,1
618,37.13678,-107.62863,2022-09-06T09:00,PM2.5,16,1
619,39.192966,-106.823183,2022-09-06T09:00,PM2.5,41,1
620,35.0186,-106.651901,2022-09-06T09:00,PM2.5,40,1
621,35.1441,-106.6044,2022-09-06T09:00,PM2.5,27,1
622,35.187801,-106.603897,2022-09-06T09:00,PM2.5,32,1
623,35.1353,-106.584702,2022-09-06T09:00,PM2.5,39,1
624,35.185,-106.5077,2022-09-06T09:00,PM2.5,24,1
625,35.6198,-106.0797,2022-09-06T09:00,PM2.5,13,1
626,41.324166,-105.614888,2022-09-06T09:00,PM2.5,25,1
627,36.3833,-105.5833,2022-09-06T09:00,PM2.5,17,1
628,41.308825,-105.549137,2022-09-06T09:00,PM2.5,48,1
629,40.0128,-105.2667,2022-09-06T09:00,PM2.5,28,1
630,39.714424,-105.124023,2022-09-06T09:00,PM2.5,0,1
631,39.714321,-105.123978,2022-09-06T09:00,PM2.5,0,1
632,39.714352,-105.123886,2022-09-06T09:00,PM2.5,0,1
633,40.164585,-105.100861,2022-09-06T09:00,PM2.5,36,1
634,40.571259,-105.079765,2022-09-06T09:00,PM2.5,43,1
635,39.5339,-105.07,2022-09-06T09:00,PM2.5,29,1
636,39.732144,-105.015313,2022-09-06T09:00,PM2.5,22,1
637,39.7794,-105.00523,2022-09-06T09:00,PM2.5,31,1
638,39.785622,-104.988469,2022-09-06T09:00,PM2.5,25,1
639,39.751099,-104.987198,2022-09-06T09:00,PM2.5,25,1
640,39.7386,-104.9394,2022-09-06T09:00,PM2.5,28,1
641,39.8281,-104.93645,2022-09-06T09:00,PM2.5,22,1
642,38.848,-104.8286,2022-09-06T09:00,PM2.5,22,1
643,41.18222,-104.778336,2022-09-06T09:00,PM2.5,35,1
644,40.4147,-104.7061,2022-09-06T09:00,PM2.5,27,1
645,41.875556,-103.658056,2022-09-06T09:00,PM2.5,28,1
646,35.2006,-101.9083,2022-09-06T09:00,PM2.5,26,1
647,41.783083,-110.537888,2022-09-06T10:00,PM2.5,16,1
648,40.2943,-110.009,2022-09-06T10:00,PM2.5,28,1
649,40.464722,-109.56083,2022-09-06T10:00,PM2.5,24,1
650,41.592591,-109.220125,2022-09-06T10:00,PM2.5,15,1
651,40.086941,-108.761002,2022-09-06T10:00,PM2.5,41,1
652,39.063599,-108.561096,2022-09-06T10:00,PM2.5,28,1
653,37.10258,-107.870219,2022-09-06T10:00,PM2.5,21,1
654,37.13678,-107.62863,2022-09-06T10:00,PM2.5,16,1
655,39.192966,-106.823183,2022-09-06T10:00,PM2.5,42,1
656,35.0186,-106.651901,2022-09-06T10:00,PM2.5,40,1
657,35.1441,-106.6044,2022-09-06T10:00,PM2.5,27,1
658,35.187801,-106.603897,2022-09-06T10:00,PM2.5,30,1
659,35.1353,-106.584702,2022-09-06T10:00,PM2.5,38,1
660,35.185,-106.5077,2022-09-06T10:00,PM2.5,24,1
661,35.6198,-106.0797,2022-09-06T10:00,PM2.5,13,1
662,41.324166,-105.614888,2022-09-06T10:00,PM2.5,17,1
663,36.3833,-105.5833,2022-09-06T10:00,PM2.5,19,1
664,41.308825,-105.549137,2022-09-06T10:00,PM2.5,55,2
665,40.0128,-105.2667,2022-09-06T10:00,PM2.5,32,1
666,39.714424,-105.124023,2022-09-06T10:00,PM2.5,0,1
667,39.714321,-105.123978,2022-09-06T10:00,PM2.5,0,1
668,39.714352,-105.123886,2022-09-06T10:00,PM2.5,0,1
669,40.164585,-105.100861,2022-09-06T10:00,PM2.5,35,1
670,40.571259,-105.079765,2022-09-06T10:00,PM2.5,44,1
671,39.5339,-105.07,2022-09-06T10:00,PM2.5,29,1
672,39.732144,-105.015313,2022-09-06T10:00,PM2.5,25,1
673,39.7794,-105.00523,2022-09-06T10:00,PM2.5,32,1
674,39.785622,-104.988469,2022-09-06T10:00,PM2.5,29,1
675,39.751099,-104.987198,2022-09-06T10:00,PM2.5,28,1
676,39.7386,-104.9394,2022-09-06T10:00,PM2.5,28,1
677,39.8281,-104.93645,2022-09-06T10:00,PM2.5,27,1
678,38.848,-104.8286,2022-09-06T10:00,PM2.5,21,1
679,41.18222,-104.778336,2022-09-06T10:00,PM2.5,28,1
680,40.4147,-104.7061,2022-09-06T10:00,PM2.5,27,1
681,41.875556,-103.658056,2022-09-06T10:00,PM2.5,30,1
682,35.2006,-101.9083,2022-09-06T10:00,PM2.5,23,1
683,41.783083,-110.537888,2022-09-06T11:00,PM2.5,14,1
684,40.2943,-110.009,2022-09-06T11:00,PM2.5,29,1
685,40.464722,-109.56083,2022-09-06T11:00,PM2.5,24,1
686,41.592591,-109.220125,2022-09-06T11:00,PM2.5,48,1
687,40.086941,-108.761002,2022-09-06T11:00,PM2.5,56,2
688,39.063599,-108.561096,2022-09-06T11:00,PM2.5,28,1
689,37.10258,-107.870219,2022-09-06T11:00,PM2.5,23,1
690,37.13678,-107.62863,2022-09-06T11:00,PM2.5,18,1
691,39.192966,-106.823183,2022-09-06T11:00,PM2.5,45,1
692,35.0186,-106.651901,2022-09-06T11:00,PM2.5,42,1
693,35.1441,-106.6044,2022-09-06T11:00,PM2.5,27,1
694,35.187801,-106.603897,2022-09-06T11:00,PM2.5,29,1
695,35.1353,-106.584702,2022-09-06T11:00,PM2.5,39,1
696,35.185,-106.5077,2022-09-06T11:00,PM2.5,24,1
697,35.6198,-106.0797,2022-09-06T11:00,PM2.5,8,1
698,41.324166,-105.614888,2022-09-06T11:00,PM2.5,21,1
699,36.3833,-105.5833,2022-09-06T11:00,PM2.5,13,1
700,41.308825,-105.549137,2022-09-06T11:00,PM2.5,54,2
701,40.0128,-105.2667,2022-09-06T11:00,PM2.5,34,1
702,39.714424,-105.124023,2022-09-06T11:00,PM2.5,0,1
703,39.714321,-105.123978,2022-09-06T11:00,PM2.5,0,1
704,39.714352,-105.123886,2022-09-06T11:00,PM2.5,0,1
705,40.164585,-105.100861,2022-09-06T11:00,PM2.5,35,1
706,40.571259,-105.079765,2022-09-06T11:00,PM2.5,46,1
707,39.5339,-105.07,2022-09-06T11:00,PM2.5,29,1
708,39.732144,-105.015313,2022-09-06T11:00,PM2.5,29,1
709,39.7794,-105.00523,2022-09-06T11:00,PM2.5,34,1
710,39.785622,-104.988469,2022-09-06T11:00,PM2.5,33,1
711,39.751099,-104.987198,2022-09-06T11:00,PM2.5,30,1
712,39.7386,-104.9394,2022-09-06T11:00,PM2.5,29,1
713,39.8281,-104.93645,2022-09-06T11:00,PM2.5,34,1
714,38.848,-104.8286,2022-09-06T11:00,PM2.5,20,1
715,41.18222,-104.778336,2022-09-06T11:00,PM2.5,45,1
716,40.4147,-104.7061,2022-09-06T11:00,PM2.5,26,1
717,41.875556,-103.658056,2022-09-06T11:00,PM2.5,32,1
718,35.2006,-101.9083,2022-09-06T11:00,PM2.5,24,1
719,41.783083,-110.537888,2022-09-06T12:00,PM2.5,15,1
720,40.2943,-110.009,2022-09-06T12:00,PM2.5,32,1
721,40.464722,-109.56083,2022-09-06T12:00,PM2.5,25,1
722,41.592591,-109.220125,2022-09-06T12:00,PM2.5,37,1
723,40.086941,-108.761002,2022-09-06T12:00,PM2.5,45,1
724,39.063599,-108.561096,2022-09-06T12:00,PM2.5,35,1
725,37.10258,-107.870219,2022-09-06T12:00,PM2.5,26,1
726,37.13678,-107.62863,2022-09-06T12:00,PM2.5,19,1
727,39.192966,-106.823183,2022-09-06T12:00,PM2.5,48,1
728,35.0186,-106.651901,2022-09-06T12:00,PM2.5,44,1
729,35.1441,-106.6044,2022-09-06T12:00,PM2.5,28,1
730,35.187801,-106.603897,2022-09-06T12:00,PM2.5,29,1
731,35.1353,-106.584702,2022-09-06T12:00,PM2.5,39,1
732,35.185,-106.5077,2022-09-06T12:00,PM2.5,24,1
733,35.6198,-106.0797,2022-09-06T12:00,PM2.5,21,1
734,41.324166,-105.614888,2022-09-06T12:00,PM2.5,17,1
735,36.3833,-105.5833,2022-09-06T12:00,PM2.5,11,1
736,41.308825,-105.549137,2022-09-06T12:00,PM2.5,58,2
737,40.0128,-105.2667,2022-09-06T12:00,PM2.5,30,1
738,39.714424,-105.124023,2022-09-06T12:00,PM2.5,0,1
739,39.714321,-105.123978,2022-09-06T12:00,PM2.5,0,1
740,39.714352,-105.123886,2022-09-06T12:00,PM2.5,0,1
741,40.164585,-105.100861,2022-09-06T12:00,PM2.5,36,1
742,40.571259,-105.079765,2022-09-06T12:00,PM2.5,47,1
743,39.5339,-105.07,2022-09-06T12:00,PM2.5,30,1
744,39.732144,-105.015313,2022-09-06T12:00,PM2.5,32,1
745,39.7794,-105.00523,2022-09-06T12:00,PM2.5,36,1
746,39.785622,-104.988469,2022-09-06T12:00,PM2.5,42,1
747,39.751099,-104.987198,2022-09-06T12:00,PM2.5,33,1
748,39.7386,-104.9394,2022-09-06T12:00,PM2.5,30,1
749,39.8281,-104.93645,2022-09-06T12:00,PM2.5,43,1
750,38.848,-104.8286,2022-09-06T12:00,PM2.5,22,1
751,41.18222,-104.778336,2022-09-06T12:00,PM2.5,58,2
752,40.4147,-104.7061,2022-09-06T12:00,PM2.5,28,1
753,41.875556,-103.658056,2022-09-06T12:00,PM2.5,28,1
754,35.2006,-101.9083,2022-09-06T12:00,PM2.5,29,1
755,41.783083,-110.537888,2022-09-06T13:00,PM2.5,16,1
756,40.2943,-110.009,2022-09-06T13:00,PM2.5,49,1
757,40.464722,-109.56083,2022-09-06T13:00,PM2.5,31,1
758,41.592591,-109.220125,2022-09-06T13:00,PM2.5,37,1
759,40.086941,-108.761002,2022-09-06T13:00,PM2.5,37,1
760,39.063599,-108.561096,2022-09-06T13:00,PM2.5,44,1
761,37.10258,-107.870219,2022-09-06T13:00,PM2.5,29,1
762,37.13678,-107.62863,2022-09-06T13:00,PM2.5,23,1
763,39.192966,-106.823183,2022-09-06T13:00,PM2.5,61,2
764,35.0186,-106.651901,2022-09-06T13:00,PM2.5,45,1
765,35.1441,-106.6044,2022-09-06T13:00,PM2.5,32,1
766,35.187801,-106.603897,2022-09-06T13:00,PM2.5,30,1
767,35.1353,-106.584702,2022-09-06T13:00,PM2.5,40,1
768,35.185,-106.5077,2022-09-06T13:00,PM2.5,24,1
769,35.6198,-106.0797,2022-09-06T13:00,PM2.5,35,1
770,41.324166,-105.614888,2022-09-06T13:00,PM2.5,35,1
771,36.3833,-105.5833,2022-09-06T13:00,PM2.5,14,1
772,41.308825,-105.549137,2022-09-06T13:00,PM2.5,53,2
773,40.0128,-105.2667,2022-09-06T13:00,PM2.5,52,2
774,39.714424,-105.124023,2022-09-06T13:00,PM2.5,0,1
775,39.714321,-105.123978,2022-09-06T13:00,PM2.5,0,1
776,39.714352,-105.123886,2022-09-06T13:00,PM2.5,0,1
777,40.164585,-105.100861,2022-09-06T13:00,PM2.5,37,1
778,40.571259,-105.079765,2022-09-06T13:00,PM2.5,50,1
779,39.5339,-105.07,2022-09-06T13:00,PM2.5,30,1
780,39.732144,-105.015313,2022-09-06T13:00,PM2.5,34,1
781,39.7794,-105.00523,2022-09-06T13:00,PM2.5,38,1
782,39.785622,-104.988469,2022-09-06T13:00,PM2.5,44,1
783,39.751099,-104.987198,2022-09-06T13:00,PM2.5,34,1
784,39.7386,-104.9394,2022-09-06T13:00,PM2.5,30,1
785,39.8281,-104.93645,2022-09-06T13:00,PM2.5,45,1
786,38.848,-104.8286,2022-09-06T13:00,PM2.5,25,1
787,41.18222,-104.778336,2022-09-06T13:00,PM2.5,67,2
788,40.4147,-104.7061,2022-09-06T13:00,PM2.5,31,1
789,41.875556,-103.658056,2022-09-06T13:00,PM2.5,25,1
790,35.2006,-101.9083,2022-09-06T13:00,PM2.5,27,1
791,41.783083,-110.537888,2022-09-06T14:00,PM2.5,16,1
792,40.2943,-110.009,2022-09-06T14:00,PM2.5,56,2
793,40.464722,-109.56083,2022-09-06T14:00,PM2.5,30,1
794,41.592591,-109.220125,2022-09-06T14:00,PM2.5,23,1
795,40.086941,-108.761002,2022-09-06T14:00,PM2.5,33,1
796,39.063599,-108.561096,2022-09-06T14:00,PM2.5,45,1
797,37.10258,-107.870219,2022-09-06T14:00,PM2.5,29,1
798,37.13678,-107.62863,2022-09-06T14:00,PM2.5,24,1
799,39.192966,-106.823183,2022-09-06T14:00,PM2.5,68,2
800,35.0186,-106.651901,2022-09-06T14:00,PM2.5,45,1
801,35.1441,-106.6044,2022-09-06T14:00,PM2.5,34,1
802,35.187801,-106.603897,2022-09-06T14:00,PM2.5,29,1
803,35.1353,-106.584702,2022-09-06T14:00,PM2.5,50,1
804,35.185,-106.5077,2022-09-06T14:00,PM2.5,23,1
805,35.6198,-106.0797,2022-09-06T14:00,PM2.5,36,1
806,41.324166,-105.614888,2022-09-06T14:00,PM2.5,66,2
807,36.3833,-105.5833,2022-09-06T14:00,PM2.5,13,1
808,41.308825,-105.549137,2022-09-06T14:00,PM2.5,45,1
809,40.0128,-105.2667,2022-09-06T14:00,PM2.5,67,2
810,39.714424,-105.124023,2022-09-06T14:00,PM2.5,0,1
811,39.714321,-105.123978,2022-09-06T14:00,PM2.5,0,1
812,39.714352,-105.123886,2022-09-06T14:00,PM2.5,0,1
813,40.164585,-105.100861,2022-09-06T14:00,PM2.5,38,1
814,40.571259,-105.079765,2022-09-06T14:00,PM2.5,54,2
815,39.5339,-105.07,2022-09-06T14:00,PM2.5,31,1
816,39.732144,-105.015313,2022-09-06T14:00,PM2.5,31,1
817,39.7794,-105.00523,2022-09-06T14:00,PM2.5,40,1
818,39.785622,-104.988469,2022-09-06T14:00,PM2.5,47,1
819,39.751099,-104.987198,2022-09-06T14:00,PM2.5,36,1
820,39.7386,-104.9394,2022-09-06T14:00,PM2.5,32,1
821,39.8281,-104.93645,2022-09-06T14:00,PM2.5,41,1
822,38.848,-104.8286,2022-09-06T14:00,PM2.5,24,1
823,41.18222,-104.778336,2022-09-06T14:00,PM2.5,66,2
824,40.4147,-104.7061,2022-09-06T14:00,PM2.5,37,1
825,41.875556,-103.658056,2022-09-06T14:00,PM2.5,35,1
826,35.2006,-101.9083,2022-09-06T14:00,PM2.5,43,1
827,41.783083,-110.537888,2022-09-06T15:00,PM2.5,20,1
828,40.2943,-110.009,2022-09-06T15:00,PM2.5,55,2
829,40.464722,-109.56083,2022-09-06T15:00,PM2.5,28,1
830,41.592591,-109.220125,2022-09-06T15:00,PM2.5,41,1
831,40.086941,-108.761002,2022-09-06T15:00,PM2.5,37,1
832,39.063599,-108.561096,2022-09-06T15:00,PM2.5,41,1
833,37.10258,-107.870219,2022-09-06T15:00,PM2.5,30,1
834,37.13678,-107.62863,2022-09-06T15:00,PM2.5,25,1
835,39.192966,-106.823183,2022-09-06T15:00,PM2.5,63,2
836,35.0186,-106.651901,2022-09-06T15:00,PM2.5,45,1
837,35.1441,-106.6044,2022-09-06T15:00,PM2.5,34,1
838,35.187801,-106.603897,2022-09-06T15:00,PM2.5,28,1
839,35.1353,-106.584702,2022-09-06T15:00,PM2.5,50,1
840,35.185,-106.5077,2022-09-06T15:00,PM2.5,23,1
841,35.6198,-106.0797,2022-09-06T15:00,PM2.5,39,1
842,41.324166,-105.614888,2022-09-06T15:00,PM2.5,67,2
843,36.3833,-105.5833,2022-09-06T15:00,PM2.5,4,1
844,41.308825,-105.549137,2022-09-06T15:00,PM2.5,43,1
845,40.0128,-105.2667,2022-09-06T15:00,PM2.5,62,2
846,39.714424,-105.124023,2022-09-06T15:00,PM2.5,0,1
847,39.714321,-105.123978,2022-09-06T15:00,PM2.5,0,1
848,39.714352,-105.123886,2022-09-06T15:00,PM2.5,0,1
849,40.164585,-105.100861,2022-09-06T15:00,PM2.5,38,1
850,40.571259,-105.079765,2022-09-06T15:00,PM2.5,58,2
851,39.5339,-105.07,2022-09-06T15:00,PM2.5,33,1
852,39.732144,-105.015313,2022-09-06T15:00,PM2.5,31,1
853,39.7794,-105.00523,2022-09-06T15:00,PM2.5,45,1
854,39.785622,-104.988469,2022-09-06T15:00,PM2.5,51,2
855,39.751099,-104.987198,2022-09-06T15:00,PM2.5,38,1
856,39.7386,-104.9394,2022-09-06T15:00,PM2.5,34,1
857,39.8281,-104.93645,2022-09-06T15:00,PM2.5,42,1
858,38.848,-104.8286,2022-09-06T15:00,PM2.5,22,1
859,41.18222,-104.778336,2022-09-06T15:00,PM2.5,57,2
860,40.4147,-104.7061,2022-09-06T15:00,PM2.5,49,1
861,41.875556,-103.658056,2022-09-06T15:00,PM2.5,40,1
862,35.2006,-101.9083,2022-09-06T15:00,PM2.5,44,1
863,41.783083,-110.537888,2022-09-06T16:00,PM2.5,41,1
864,40.2943,-110.009,2022-09-06T16:00,PM2.5,51,2
865,40.464722,-109.56083,2022-09-06T16:00,PM2.5,27,1
866,41.592591,-109.220125,2022-09-06T16:00,PM2.5,48,1
867,40.086941,-108.761002,2022-09-06T16:00,PM2.5,52,2
868,39.063599,-108.561096,2022-09-06T16:00,PM2.5,33,1
869,37.10258,-107.870219,2022-09-06T16:00,PM2.5,30,1
870,37.13678,-107.62863,2022-09-06T16:00,PM2.5,25,1
871,39.192966,-106.823183,2022-09-06T16:00,PM2.5,57,2
872,35.0186,-106.651901,2022-09-06T16:00,PM2.5,39,1
873,35.1441,-106.6044,2022-09-06T16:00,PM2.5,33,1
874,35.187801,-106.603897,2022-09-06T16:00,PM2.5,28,1
875,35.1353,-106.584702,2022-09-06T16:00,PM2.5,45,1
876,35.185,-106.5077,2022-09-06T16:00,PM2.5,24,1
877,35.6198,-106.0797,2022-09-06T16:00,PM2.5,32,1
878,41.324166,-105.614888,2022-09-06T16:00,PM2.5,63,2
879,36.3833,-105.5833,2022-09-06T16:00,PM2.5,6,1
880,41.308825,-105.549137,2022-09-06T16:00,PM2.5,49,1
881,40.0128,-105.2667,2022-09-06T16:00,PM2.5,60,2
882,39.714424,-105.124023,2022-09-06T16:00,PM2.5,0,1
883,39.714321,-105.123978,2022-09-06T16:00,PM2.5,0,1
884,39.714352,-105.123886,2022-09-06T16:00,PM2.5,0,1
885,40.164585,-105.100861,2022-09-06T16:00,PM2.5,38,1
886,40.571259,-105.079765,2022-09-06T16:00,PM2.5,58,2
887,39.5339,-105.07,2022-09-06T16:00,PM2.5,34,1
888,39.732144,-105.015313,2022-09-06T16:00,PM2.5,30,1
889,39.7794,-105.00523,2022-09-06T16:00,PM2.5,47,1
890,39.785622,-104.988469,2022-09-06T16:00,PM2.5,46,1
891,39.751099,-104.987198,2022-09-06T16:00,PM2.5,37,1
892,39.7386,-104.9394,2022-09-06T16:00,PM2.5,37,1
893,39.8281,-104.93645,2022-09-06T16:00,PM2.5,43,1
894,38.848,-104.8286,2022-09-06T16:00,PM2.5,22,1
895,41.18222,-104.778336,2022-09-06T16:00,PM2.5,50,1
896,40.4147,-104.7061,2022-09-06T16:00,PM2.5,52,2
897,41.875556,-103.658056,2022-09-06T16:00,PM2.5,35,1
898,35.2006,-101.9083,2022-09-06T16:00,PM2.5,43,1
899,41.783083,-110.537888,2022-09-06T17:00,PM2.5,58,2
900,40.2943,-110.009,2022-09-06T17:00,PM2.5,43,1
901,40.464722,-109.56083,2022-09-06T17:00,PM2.5,28,1
902,41.592591,-109.220125,2022-09-06T17:00,PM2.5,40,1
903,40.086941,-108.761002,2022-09-06T17:00,PM2.5,56,2
904,39.063599,-108.561096,2022-09-06T17:00,PM2.5,29,1
905,37.10258,-107.870219,2022-09-06T17:00,PM2.5,30,1
906,37.13678,-107.62863,2022-09-06T17:00,PM2.5,25,1
907,39.192966,-106.823183,2022-09-06T17:00,PM2.5,53,2
908,35.0186,-106.651901,2022-09-06T17:00,PM2.5,34,1
909,35.1441,-106.6044,2022-09-06T17:00,PM2.5,30,1
910,35.187801,-106.603897,2022-09-06T17:00,PM2.5,28,1
911,35.1353,-106.584702,2022-09-06T17:00,PM2.5,43,1
912,35.185,-106.5077,2022-09-06T17:00,PM2.5,24,1
913,35.6198,-106.0797,2022-09-06T17:00,PM2.5,26,1
914,41.324166,-105.614888,2022-09-06T17:00,PM2.5,54,2
915,36.3833,-105.5833,2022-09-06T17:00,PM2.5,5,1
916,41.308825,-105.549137,2022-09-06T17:00,PM2.5,45,1
917,40.0128,-105.2667,2022-09-06T17:00,PM2.5,63,2
918,39.714424,-105.124023,2022-09-06T17:00,PM2.5,0,1
919,39.714321,-105.123978,2022-09-06T17:00,PM2.5,0,1
920,39.714352,-105.123886,2022-09-06T17:00,PM2.5,0,1
921,40.164585,-105.100861,2022-09-06T17:00,PM2.5,43,1
922,40.571259,-105.079765,2022-09-06T17:00,PM2.5,59,2
923,39.5339,-105.07,2022-09-06T17:00,PM2.5,39,1
924,39.732144,-105.015313,2022-09-06T17:00,PM2.5,27,1
925,39.7794,-105.00523,2022-09-06T17:00,PM2.5,47,1
926,39.785622,-104.988469,2022-09-06T17:00,PM2.5,40,1
927,39.751099,-104.987198,2022-09-06T17:00,PM2.5,35,1
928,39.7386,-104.9394,2022-09-06T17:00,PM2.5,40,1
929,39.8281,-104.93645,2022-09-06T17:00,PM2.5,38,1
930,38.848,-104.8286,2022-09-06T17:00,PM2.5,20,1
931,41.18222,-104.778336,2022-09-06T17:00,PM2.5,50,1
932,40.4147,-104.7061,2022-09-06T17:00,PM2.5,43,1
933,41.875556,-103.658056,2022-09-06T17:00,PM2.5,23,1
934,35.2006,-101.9083,2022-09-06T17:00,PM2.5,32,1
935,41.783083,-110.537888,2022-09-06T18:00,PM2.5,62,2
936,40.2943,-110.009,2022-09-06T18:00,PM2.5,39,1
937,40.464722,-109.56083,2022-09-06T18:00,PM2.5,26,1
938,41.592591,-109.220125,2022-09-06T18:00,PM2.5,66,2
939,40.086941,-108.761002,2022-09-06T18:00,PM2.5,58,2
940,39.063599,-108.561096,2022-09-06T18:00,PM2.5,27,1
941,37.10258,-107.870219,2022-09-06T18:00,PM2.5,29,1
942,37.13678,-107.62863,2022-09-06T18:00,PM2.5,25,1
943,39.192966,-106.823183,2022-09-06T18:00,PM2.5,45,1
944,35.0186,-106.651901,2022-09-06T18:00,PM2.5,29,1
945,35.1441,-106.6044,2022-09-06T18:00,PM2.5,32,1
946,35.187801,-106.603897,2022-09-06T18:00,PM2.5,28,1
947,35.1353,-106.584702,2022-09-06T18:00,PM2.5,40,1
948,35.185,-106.5077,2022-09-06T18:00,PM2.5,26,1
949,35.6198,-106.0797,2022-09-06T18:00,PM2.5,21,1
950,41.324166,-105.614888,2022-09-06T18:00,PM2.5,43,1
951,36.3833,-105.5833,2022-09-06T18:00,PM2.5,0,1
952,41.308825,-105.549137,2022-09-06T18:00,PM2.5,47,1
953,40.0128,-105.2667,2022-09-06T18:00,PM2.5,62,2
954,39.714424,-105.124023,2022-09-06T18:00,PM2.5,0,1
955,39.714321,-105.123978,2022-09-06T18:00,PM2.5,0,1
956,39.714352,-105.123886,2022-09-06T18:00,PM2.5,0,1
957,40.164585,-105.100861,2022-09-06T18:00,PM2.5,55,2
958,40.571259,-105.079765,2022-09-06T18:00,PM2.5,57,2
959,39.5339,-105.07,2022-09-06T18:00,PM2.5,44,1
960,39.732144,-105.015313,2022-09-06T18:00,PM2.5,25,1
961,39.7794,-105.00523,2022-09-06T18:00,PM2.5,54,2
962,39.785622,-104.988469,2022-09-06T18:00,PM2.5,40,1
963,39.751099,-104.987198,2022-09-06T18:00,PM2.5,34,1
964,39.7386,-104.9394,2022-09-06T18:00,PM2.5,49,1
965,39.8281,-104.93645,2022-09-06T18:00,PM2.5,43,1
966,38.848,-104.8286,2022-09-06T18:00,PM2.5,17,1
967,41.18222,-104.778336,2022-09-06T18:00,PM2.5,44,1
968,40.4147,-104.7061,2022-09-06T18:00,PM2.5,34,1
969,41.875556,-103.658056,2022-09-06T18:00,PM2.5,18,1
970,35.2006,-101.9083,2022-09-06T18:00,PM2.5,39,1
971,41.783083,-110.537888,2022-09-06T19:00,PM2.5,58,2
972,40.2943,-110.009,2022-09-06T19:00,PM2.5,40,1
973,40.464722,-109.56083,2022-09-06T19:00,PM2.5,24,1
974,41.592591,-109.220125,2022-09-06T19:00,PM2.5,51,2
975,40.086941,-108.761002,2022-09-06T19:00,PM2.5,55,2
976,39.063599,-108.561096,2022-09-06T19:00,PM2.5,25,1
977,37.10258,-107.870219,2022-09-06T19:00,PM2.5,28,1
978,37.13678,-107.62863,2022-09-06T19:00,PM2.5,25,1
979,39.192966,-106.823183,2022-09-06T19:00,PM2.5,34,1
980,35.0186,-106.651901,2022-09-06T19:00,PM2.5,28,1
981,35.1441,-106.6044,2022-09-06T19:00,PM2.5,30,1
982,35.187801,-106.603897,2022-09-06T19:00,PM2.5,28,1
983,35.1353,-106.584702,2022-09-06T19:00,PM2.5,40,1
984,35.185,-106.5077,2022-09-06T19:00,PM2.5,26,1
985,35.6198,-106.0797,2022-09-06T19:00,PM2.5,19,1
986,41.324166,-105.614888,2022-09-06T19:00,PM2.5,36,1
987,36.3833,-105.5833,2022-09-06T19:00,PM2.5,0,1
988,41.308825,-105.549137,2022-09-06T19:00,PM2.5,44,1
989,40.0128,-105.2667,2022-09-06T19:00,PM2.5,59,2
990,39.714424,-105.124023,2022-09-06T19:00,PM2.5,0,1
991,39.714321,-105.123978,2022-09-06T19:00,PM2.5,0,1
992,39.714352,-105.123886,2022-09-06T19:00,PM2.5,0,1
993,40.164585,-105.100861,2022-09-06T19:00,PM2.5,60,2
994,40.571259,-105.079765,2022-09-06T19:00,PM2.5,54,2
995,39.5339,-105.07,2022-09-06T19:00,PM2.5,44,1
996,39.732144,-105.015313,2022-09-06T19:00,PM2.5,26,1
997,39.7794,-105.00523,2022-09-06T19:00,PM2.5,58,2
998,39.785622,-104.988469,2022-09-06T19:00,PM2.5,43,1
999,39.751099,-104.987198,2022-09-06T19:00,PM2.5,35,1
1000,39.7386,-104.9394,2022-09-06T19:00,PM2.5,55,2
1001,39.8281,-104.93645,2022-09-06T19:00,PM2.5,45,1
1002,38.848,-104.8286,2022-09-06T19:00,PM2.5,15,1
1003,41.18222,-104.778336,2022-09-06T19:00,PM2.5,34,1
1004,40.4147,-104.7061,2022-09-06T19:00,PM2.5,28,1
1005,41.875556,-103.658056,2022-09-06T19:00,PM2.5,13,1
1006,35.2006,-101.9083,2022-09-06T19:00,PM2.5,32,1
1007,41.783083,-110.537888,2022-09-06T20:00,PM2.5,57,2
1008,40.2943,-110.009,2022-09-06T20:00,PM2.5,37,1
1009,40.464722,-109.56083,2022-09-06T20:00,PM2.5,23,1
1010,41.592591,-109.220125,2022-09-06T20:00,PM2.5,33,1
1011,40.086941,-108.761002,2022-09-06T20:00,PM2.5,54,2
1012,39.063599,-108.561096,2022-09-06T20:00,PM2.5,22,1
1013,37.10258,-107.870219,2022-09-06T20:00,PM2.5,28,1
1014,37.13678,-107.62863,2022-09-06T20:00,PM2.5,25,1
1015,39.192966,-106.823183,2022-09-06T20:00,PM2.5,28,1
1016,35.0186,-106.651901,2022-09-06T20:00,PM2.5,28,1
1017,35.1441,-106.6044,2022-09-06T20:00,PM2.5,29,1
1018,35.187801,-106.603897,2022-09-06T20:00,PM2.5,27,1
1019,35.1353,-106.584702,2022-09-06T20:00,PM2.5,39,1
1020,35.185,-106.5077,2022-09-06T20:00,PM2.5,27,1
1021,35.6198,-106.0797,2022-09-06T20:00,PM2.5,15,1
1022,41.324166,-105.614888,2022-09-06T20:00,PM2.5,49,1
1023,36.3833,-105.5833,2022-09-06T20:00,PM2.5,0,1
1024,41.308825,-105.549137,2022-09-06T20:00,PM2.5,42,1
1025,40.0128,-105.2667,2022-09-06T20:00,PM2.5,55,2
1026,39.714424,-105.124023,2022-09-06T20:00,PM2.5,0,1
1027,39.714321,-105.123978,2022-09-06T20:00,PM2.5,0,1
1028,39.714352,-105.123886,2022-09-06T20:00,PM2.5,0,1
1029,40.164585,-105.100861,2022-09-06T20:00,PM2.5,64,2
1030,40.571259,-105.079765,2022-09-06T20:00,PM2.5,51,2
1031,39.5339,-105.07,2022-09-06T20:00,PM2.5,43,1
1032,39.732144,-105.015313,2022-09-06T20:00,PM2.5,27,1
1033,39.7794,-105.00523,2022-09-06T20:00,PM2.5,63,2
1034,39.785622,-104.988469,2022-09-06T20:00,PM2.5,45,1
1035,39.751099,-104.987198,2022-09-06T20:00,PM2.5,35,1
1036,39.7386,-104.9394,2022-09-06T20:00,PM2.5,56,2
1037,39.8281,-104.93645,2022-09-06T20:00,PM2.5,44,1
1038,38.848,-104.8286,2022-09-06T20:00,PM2.5,15,1
1039,41.18222,-104.778336,2022-09-06T20:00,PM2.5,28,1
1040,40.4147,-104.7061,2022-09-06T20:00,PM2.5,25,1
1041,41.875556,-103.658056,2022-09-06T20:00,PM2.5,13,1
1042,35.2006,-101.9083,2022-09-06T20:00,PM2.5,32,1
1043,41.783083,-110.537888,2022-09-06T21:00,PM2.5,57,2
1044,40.2943,-110.009,2022-09-06T21:00,PM2.5,32,1
1045,40.464722,-109.56083,2022-09-06T21:00,PM2.5,22,1
1046,41.592591,-109.220125,2022-09-06T21:00,PM2.5,33,1
1047,40.086941,-108.761002,2022-09-06T21:00,PM2.5,58,2
1048,39.063599,-108.561096,2022-09-06T21:00,PM2.5,18,1
1049,37.10258,-107.870219,2022-09-06T21:00,PM2.5,28,1
1050,37.13678,-107.62863,2022-09-06T21:00,PM2.5,26,1
1051,39.192966,-106.823183,2022-09-06T21:00,PM2.5,24,1
1052,35.0186,-106.651901,2022-09-06T21:00,PM2.5,28,1
1053,35.1441,-106.6044,2022-09-06T21:00,PM2.5,28,1
1054,35.187801,-106.603897,2022-09-06T21:00,PM2.5,27,1
1055,35.1353,-106.584702,2022-09-06T21:00,PM2.5,39,1
1056,35.185,-106.5077,2022-09-06T21:00,PM2.5,27,1
1057,35.6198,-106.0797,2022-09-06T21:00,PM2.5,8,1
1058,41.324166,-105.614888,2022-09-06T21:00,PM2.5,49,1
1059,36.3833,-105.5833,2022-09-06T21:00,PM2.5,0,1
1060,41.308825,-105.549137,2022-09-06T21:00,PM2.5,42,1
1061,40.0128,-105.2667,2022-09-06T21:00,PM2.5,58,2
1062,39.714424,-105.124023,2022-09-06T21:00,PM2.5,0,1
1063,39.714321,-105.123978,2022-09-06T21:00,PM2.5,0,1
1064,39.714352,-105.123886,2022-09-06T21:00,PM2.5,0,1
1065,40.164585,-105.100861,2022-09-06T21:00,PM2.5,64,2
1066,40.571259,-105.079765,2022-09-06T21:00,PM2.5,43,1
1067,39.5339,-105.07,2022-09-06T21:00,PM2.5,45,1
1068,39.732144,-105.015313,2022-09-06T21:00,PM2.5,26,1
1069,39.7794,-105.00523,2022-09-06T21:00,PM2.5,66,2
1070,39.785622,-104.988469,2022-09-06T21:00,PM2.5,45,1
1071,39.751099,-104.987198,2022-09-06T21:00,PM2.5,36,1
1072,39.7386,-104.9394,2022-09-06T21:00,PM2.5,56,2
1073,39.8281,-104.93645,2022-09-06T21:00,PM2.5,42,1
1074,38.848,-104.8286,2022-09-06T21:00,PM2.5,16,1
1075,41.18222,-104.778336,2022-09-06T21:00,PM2.5,28,1
1076,40.4147,-104.7061,2022-09-06T21:00,PM2.5,24,1
1077,41.875556,-103.658056,2022-09-06T21:00,PM2.5,25,1
1078,40.2943,-110.009,2022-09-06T22:00,PM2.5,32,1
1079,40.464722,-109.56083,2022-09-06T22:00,PM2.5,22,1
1080,40.086941,-108.761002,2022-09-06T22:00,PM2.5,58,2
1081,39.063599,-108.561096,2022-09-06T22:00,PM2.5,18,1
1082,37.10258,-107.870219,2022-09-06T22:00,PM2.5,28,1
1083,37.13678,-107.62863,2022-09-06T22:00,PM2.5,26,1
1084,39.192966,-106.823183,2022-09-06T22:00,PM2.5,24,1
1085,35.0186,-106.651901,2022-09-06T22:00,PM2.5,28,1
1086,35.1441,-106.6044,2022-09-06T22:00,PM2.5,28,1
1087,35.187801,-106.603897,2022-09-06T22:00,PM2.5,27,1
1088,35.1353,-106.584702,2022-09-06T22:00,PM2.5,39,1
1089,35.185,-106.5077,2022-09-06T22:00,PM2.5,28,1
1090,35.6198,-106.0797,2022-09-06T22:00,PM2.5,8,1
1091,36.3833,-105.5833,2022-09-06T22:00,PM2.5,0,1
1092,40.0128,-105.2667,2022-09-06T22:00,PM2.5,58,2
1093,39.714424,-105.124023,2022-09-06T22:00,PM2.5,0,1
1094,39.714321,-105.123978,2022-09-06T22:00,PM2.5,0,1
1095,39.714352,-105.123886,2022-09-06T22:00,PM2.5,0,1
1096,40.164585,-105.100861,2022-09-06T22:00,PM2.5,64,2
1097,40.571259,-105.079765,2022-09-06T22:00,PM2.5,43,1
1098,39.5339,-105.07,2022-09-06T22:00,PM2.5,45,1
1099,39.732144,-105.015313,2022-09-06T22:00,PM2.5,26,1
1100,39.7794,-105.00523,2022-09-06T22:00,PM2.5,66,2
1101,39.785622,-104.988469,2022-09-06T22:00,PM2.5,45,1
1102,39.751099,-104.987198,2022-09-06T22:00,PM2.5,36,1
1103,39.7386,-104.9394,2022-09-06T22:00,PM2.5,56,2
1104,39.8281,-104.93645,2022-09-06T22:00,PM2.5,42,1
1105,38.848,-104.8286,2022-09-06T22:00,PM2.5,16,1
1106,40.4147,-104.7061,2022-09-06T22:00,PM2.5,24,1
1107,41.875556,-103.658056,2022-09-06T22:00,PM2.5,25,1
1108,39.714424,-105.124023,2022-09-06T23:00,PM2.5,0,1
1109,39.714321,-105.123978,2022-09-06T23:00,PM2.5,0,1
1110,39.714352,-105.123886,2022-09-06T23:00,PM2.5,0,1
